name,focal x,focal y,"rot matrix 0,0","rot matrix 0,1","rot matrix 0,2","rot matrix 1,0","rot matrix 1,1","rot matrix 1,2","rot matrix 2,0","rot matrix 2,1","rot matrix 2,2",x_translation,y_translation,z_translation
genim_batch_pred_1.png,1940.7040476903098,1312.6616980889814,0.9381099198460147,0.29527224265585733,-0.18100851085925293,-0.1261702856571388,0.9353344927946259,-0.1454767655294682,0.12634825288384346,0.19484272967088223,0.972662546666417,9.01546441271596,-1.8329771475971062,6.756384000929449
genim_batch_pred_2.png,1940.7040476903098,1312.6616980889814,0.9715465032126673,-0.016158994044453128,-0.23629701438382542,0.2506005730778875,0.9902651026011252,0.13057223720218367,0.2318867711898174,-0.1382530776578025,0.9628679098740943,26.571669850741802,31.668379469999568,-3.5712885684165823
genim_batch_pred_3.png,1940.7040476903098,1312.6616980889814,0.9926545936827337,0.007570108473881964,0.12074581192845023,-0.12795372795003543,0.9966682703097846,0.07970696237420485,-0.11974012917058269,-0.08120992805929429,0.9894782711362673,-7.657051672940886,3.9893247118095534,-5.8329690341474185
genim_batch_pred_4.png,1940.7040476903098,1312.6616980889814,0.9761001339032059,-0.035798353989629904,0.21435252843336539,-0.17744848150124237,0.9984339684510658,-0.03434452136167087,-0.2127873682779354,0.04298939979447566,0.9761523689499816,20.81446519006677,6.774468375093174,1.7440584725731973
genim_batch_pred_5.png,1940.7040476903098,1312.6616980889814,0.9877839545209006,-0.12057777473779584,0.09871098941015949,0.02263009350152878,0.9714406949167517,0.21657710880093042,-0.12200625798688713,-0.20436236566192859,0.9712623211641113,43.69481712011448,6.135730083071192,1.9041000101529288
genim_batch_pred_6.png,1940.7040476903098,1312.6616980889814,0.9786425630002225,0.18980252741804493,0.0789540022423055,-0.2637370431059606,0.9690702304175267,-0.17519207187731428,-0.10976387117125495,0.15772726176613916,0.9813633391773182,-6.898519989730238,1.6259515820304689,10.269849727239368
genim_batch_pred_7.png,1940.7040476903098,1312.6616980889814,0.9564008891246351,0.2040801050798626,-0.20892259330239882,-0.004354111222246965,0.9733518950345914,-0.06106485828793526,0.19089307941034242,0.10458202112773433,0.9760237871538147,26.25356726123895,1.5658334597478887,-20.387336369990415
genim_batch_pred_8.png,1940.7040476903098,1312.6616980889814,0.9866856618863378,-0.08436249671021229,0.13904809878865243,-0.053296176395284695,0.9947674176317527,-0.045513588968045346,-0.13448087815900595,0.057625983436932565,0.9892391720117581,-5.697667787905808,11.662724230397957,-18.703135186965785
genim_batch_pred_9.png,1940.7040476903098,1312.6616980889814,0.9901071310811731,0.008978072212248568,0.1400259376028605,-0.14723461399545545,0.9873310902107998,0.15562350515713674,-0.13685476256399765,-0.1584194196508287,0.9778415318654892,3.7837779143882946,12.215850421878876,-0.02741066911971539
genim_batch_pred_10.png,1940.7040476903098,1312.6616980889814,0.9975236110779819,-0.021108960382491784,-0.06708991827028371,0.08748763269124546,0.9911629438925218,0.12928927131829723,0.0637678787921439,-0.13095965197678278,0.9893347397056622,-21.587070343148724,6.304699610929416,-12.727041744149034
genim_batch_pred_11.png,1595.6475495424236,1422.0557393670354,0.9496415664921395,-0.22573293429353058,0.21731437496306588,0.019732102767626658,0.9626428640118034,-0.09988000690692957,-0.18664992526902136,0.14954383552117761,0.970978087628492,1.388205059903688,13.989305221728237,-6.665334981832745
genim_batch_pred_12.png,1595.6475495424236,1422.0557393670354,0.9946658043912068,-0.07305875959002936,0.07281727282698773,0.00059866137906886,0.9470245696112313,0.3178071326989356,-0.09217834136308978,-0.31274091865285,0.9453551032198013,20.527816418601713,3.08953170599181,4.3442235282119395
genim_batch_pred_13.png,1595.6475495424236,1422.0557393670354,0.996205764285046,-0.06415254562722106,0.05880923477477518,0.005445183383685014,0.9736895612221087,-0.21504391283379012,-0.04346632357373296,0.2186620434749591,0.9748320826985223,6.003930035737405,-11.236747486507737,5.906278670394269
genim_batch_pred_14.png,1595.6475495424236,1422.0557393670354,0.969373960536169,0.10211546435132283,0.22335298649164217,-0.32587915085716196,0.9895992521971362,0.07644356017226765,-0.21322387876446677,-0.10132004733113183,0.9717354709659688,10.521617998828676,-11.140591457836756,-5.538760259773355
genim_batch_pred_15.png,1595.6475495424236,1422.0557393670354,0.9972773430158299,-0.05030266165497121,0.05392164071791873,-0.0033912868557826603,0.9746465544650016,0.22063063710119268,-0.06365284962564127,-0.21802232936083862,0.9738657908739836,2.2532846090993415,-14.718973414119564,-7.572589994110483
genim_batch_pred_16.png,1595.6475495424236,1422.0557393670354,0.9984959936029211,0.04670176209125258,-0.028717523857175957,-0.018034799141761735,0.998900475359797,-0.002757208143811671,0.02855718175332102,0.004097040827665831,0.9995837641872563,4.288633189228504,-6.958310041984148,-0.5153735243539938
genim_batch_pred_17.png,1595.6475495424236,1422.0557393670354,0.994584984741565,0.04528015812135491,-0.0935436550874842,0.04795098832363168,0.9985149958038357,-0.02595023562675754,0.09222971159468876,0.030290434717431532,0.9952769312426515,28.873066429473088,7.485388874947875,11.485800623637235
genim_batch_pred_18.png,1595.6475495424236,1422.0557393670354,0.9833681609668525,-0.04311986152656379,0.17643054593408833,-0.13236026323932315,0.9980412243588489,-0.03704768130651823,-0.17448746719054029,0.045325401511954785,0.9836156422969341,21.248938209428335,3.2609347466935263,3.753498841848049
genim_batch_pred_19.png,1595.6475495424236,1422.0557393670354,0.9870429266446223,-0.008892998600489553,0.1602097860204249,-0.15114521432033345,0.9996007154810075,-0.025050512770557355,-0.15992304255806572,0.026820219718512374,0.9867650664029517,-31.877725379386234,2.6145374965452777,7.64843324833901
genim_batch_pred_22.png,1607.452717700503,1503.7930317963471,0.9474159014617065,0.018623990812159107,-0.3194624494736912,0.298857958266361,0.9963586961856332,-0.07292375035352891,0.3169410583813033,0.08320153545153935,0.9447887965099108,-14.48161496908984,-7.983564017710303,-15.758770516807711
genim_batch_pred_23.png,1607.452717700503,1503.7930317963471,0.995162253588656,0.09170274743650307,-0.0352518814383668,-0.05665182069057678,0.9957389222096377,0.01300775811991234,0.03629451758688673,-0.009726505507425817,0.999293802184197,-24.247366022741407,5.501654955717709,-5.906195981796295
genim_batch_pred_24.png,1607.452717700503,1503.7930317963471,0.9764670724112101,0.045816173365935756,0.21074376563681085,-0.24684869186968675,0.9552284768446361,0.27677937887290793,-0.18862747424719664,-0.2923002485171351,0.9375394608633517,-16.17499157380822,10.446898462743004,-7.030549223262133
genim_batch_pred_25.png,1607.452717700503,1503.7930317963471,0.9888065435091722,-0.070432818848478,-0.13153264819998522,0.20001421112276302,0.9850585762717358,0.14700288716191254,0.1192135354474503,-0.15715858023842855,0.9803516275416494,-17.91405761935112,14.340043021525858,2.751095941327822
genim_batch_pred_26.png,1607.452717700503,1503.7930317963471,0.9368559655706497,0.26533769475145974,-0.22780870817127916,-0.050456245110744063,0.9306101803441905,0.3145934397842148,0.2954746010915269,-0.25211227654308005,0.9214847584882067,-16.150769170161375,3.6663324813148503,-6.04766188716799
genim_batch_pred_27.png,1607.452717700503,1503.7930317963471,0.9593362855271685,-0.26543409081913777,0.09601372142539043,0.17050489721043322,0.9385326793590192,-0.20202445591015497,-0.03648783744685917,0.22068337772971983,0.9746627542448995,-33.11426384982009,1.3950813068936188,-5.481142863789775
genim_batch_pred_28.png,1607.452717700503,1503.7930317963471,0.9907855291859244,-0.135193838368853,0.0081646324390132,0.12583190454604856,0.9807099986104636,-0.1413761213189176,0.011106043826885516,0.14117551024367078,0.9899222853830266,8.10448735351003,15.525775728406874,6.219102641527452
genim_batch_pred_29.png,1607.452717700503,1503.7930317963471,0.993032893817108,-0.096868441070116,0.06709826318069549,0.030303332825297638,0.9952754213127079,0.013129708460693074,-0.06805310654681011,-0.00658337720757226,0.9976599790679546,0.611882062020325,10.021292224417701,-3.3472263463551895
genim_batch_pred_30.png,1607.452717700503,1503.7930317963471,0.9950617007178886,0.018386556964600693,-0.09754048537612856,0.07498452388926599,0.947848296821254,-0.3150263182466892,0.08666133358909073,0.31819104439948553,0.9440573459936239,-1.0273702783050174,-2.673584397539527,7.75187041438817
genim_batch_pred_31.png,2343.086060552068,1051.6823200825168,0.9984767852800577,0.045344603481829664,-0.03143208857007327,-0.013714826007233939,0.9811832350669508,0.18918034591355068,0.03941894612010075,-0.1876787845192637,0.9814391578331039,-16.36993997444232,20.890866314204175,-4.7218795685070285
genim_batch_pred_32.png,2343.086060552068,1051.6823200825168,0.9993290599944689,0.029920483709088327,0.021123316623710805,-0.05103075466140958,0.9993384510131803,0.020046732520379907,-0.02050953458120364,-0.02067425890308058,0.9995758770649034,-38.66163128076188,-7.94760356064011,-0.2939362825424514
genim_batch_pred_33.png,2343.086060552068,1051.6823200825168,0.9910026141360739,-0.07834945215711223,0.1085135112423701,-0.02930373519411633,0.9944072537469245,-0.06211038558801965,-0.10304030802487295,0.07082073878589354,0.9921527694261401,-15.653518746475365,-2.9415893875020993,4.102381562697933
genim_batch_pred_34.png,2343.086060552068,1051.6823200825168,0.982001909738966,0.09528328897854745,-0.16307465808780447,0.06552906401070824,0.9934373649259979,0.07827985627326733,0.16946322078344145,-0.06327161140922764,0.9835033909404595,-23.714461386904627,20.95488072220402,-14.09201261492875
genim_batch_pred_35.png,2343.086060552068,1051.6823200825168,0.9472898358663011,-0.04503718607567147,0.317196498616838,-0.2686547279511136,0.9973777254495207,0.06805103128869032,-0.319429549269804,-0.05665090155969166,0.9459151327713096,23.644719556606056,-5.492663728638222,22.678151503930298
genim_batch_pred_36.png,2343.086060552068,1051.6823200825168,0.9685562430231317,-0.1210072201965683,-0.2173845826207905,0.3396547142432202,0.9918877775413351,0.011791123321994758,0.21419429947129712,-0.03893442467033593,0.9760148116958011,1.7465099394253318,2.5900188742469683,1.716090755304448
genim_batch_pred_37.png,2343.086060552068,1051.6823200825168,0.9836972426633767,-0.17946576191976255,-0.011479332516699027,0.18707417227443413,0.9642971972022124,0.19588589402470022,-0.02408532304887159,-0.1947381723404955,0.9805595042867694,-24.60755909519876,2.858634722849108,17.755618632025378
genim_batch_pred_38.png,2343.086060552068,1051.6823200825168,0.9721725151424734,0.06349310518302974,-0.2254977303561482,0.15984197816632445,0.9977325452504271,-0.0074484333862474975,0.22451350029199246,0.022324733868984634,0.9742152197765731,-32.66675475685591,-6.7734600360087205,7.639311810300244
genim_batch_pred_39.png,2343.086060552068,1051.6823200825168,0.9943798245925084,0.05344810507223048,0.09138963019708465,-0.144386986814493,0.9952374949548223,-0.08617006644614592,-0.0955600133876888,0.08152072558704214,0.9920799640861149,28.79392070122786,-6.126991239548446,7.82448165727067
genim_batch_pred_40.png,2343.086060552068,1051.6823200825168,0.9797473680598473,-0.15002081986678376,0.13262295572901464,0.020256822412790393,0.9886748357501244,0.024110741904822944,-0.1347380922402375,-0.00397778342326521,0.9908732632070051,-17.83917197491557,22.682166735762586,6.730085648648851
genim_batch_pred_41.png,1474.015905231825,1364.1133133546568,0.9941653823607638,0.019748033009929188,0.10604342368914257,-0.12403840072513005,0.984796949105585,0.16958013223163437,-0.10108236607264005,-0.17258326751041186,0.9797945555291611,21.66680072722997,-11.841598343898887,-5.719832007652769
genim_batch_pred_42.png,1474.015905231825,1364.1133133546568,0.993263882829521,-0.06224197112768698,-0.097738406456028,0.15820976422673033,0.9872635794556271,-0.1520209386218766,0.10595565188057392,0.14641230040745465,0.9835328353054411,-31.975012660245596,-9.959957881576834,10.66599891930623
genim_batch_pred_43.png,1474.015905231825,1364.1133133546568,0.9868728078767692,-0.0530583174299108,-0.15253483544727772,0.20525253450282777,0.9942301701495008,0.08419319021173148,0.1471875863887821,-0.09322651830891086,0.9847053522232136,24.72867635951036,-3.121350840625971,2.7308464120427556
genim_batch_pred_44.png,1474.015905231825,1364.1133133546568,0.9297684188899445,-0.309161883366078,0.1998740030830228,0.12586500509336457,0.9488366316006001,-0.0012219275683433054,-0.18927000240145736,0.06424933000714336,0.979820845759359,-14.284282504248118,12.06750236728626,1.0900297527850942
genim_batch_pred_45.png,1474.015905231825,1364.1133133546568,0.9997931196464165,0.019997251189579256,-0.0037185820613776467,-0.015681119184881742,0.9630276822963538,-0.26863948469781584,-0.0017909537909440438,0.26865925086580206,0.9632336162160999,-8.336708191500732,14.516951629228918,22.322893195646103
genim_batch_pred_46.png,1474.015905231825,1364.1133133546568,0.9963732131580492,-0.061173962933306444,-0.05914529871544492,0.12031530169373814,0.9981240281939334,-0.0011405728293648937,0.05910411716257966,-0.0024840694334803946,0.9982487328985105,7.00823680328166,-11.954701655275512,2.1851190188509255
genim_batch_pred_47.png,1474.015905231825,1364.1133133546568,0.984890378496162,0.06396823220484013,0.16093168617234646,-0.21789455775990374,0.9673122304308313,-0.2526718939203226,-0.17183416268029894,0.24538768128721927,0.9540743715289928,18.740382890414676,14.037381509509387,6.0137848890630385
genim_batch_pred_48.png,1474.015905231825,1364.1133133546568,0.9387195369341017,0.13453223876121173,0.31734320177391856,-0.4559874318183934,0.9895445344157586,0.006675909989885926,-0.31312710573267066,-0.05198741330164374,0.9482872584368541,6.581395408317769,5.045642513067516,8.927363610674188
genim_batch_pred_49.png,1474.015905231825,1364.1133133546568,0.9957588405318613,0.011731779312760105,-0.09125073619867391,0.07851572325712494,0.987839024488634,-0.1533429115698694,0.08834205303265392,0.15503685707437612,0.9839508395313635,-19.972897621311322,-3.492359844230164,0.9230755005945432
genim_batch_pred_50.png,1474.015905231825,1364.1133133546568,0.9702192174759665,-0.050531850471802586,-0.23689913914621666,0.28858588147913977,0.9985563569007972,0.005732123631083308,0.23626748652456936,-0.018213571338509607,0.9715173393359788,-7.666495493216714,4.705740460110004,21.196988214750636
genim_batch_pred_51.png,1729.6417388163684,1989.601839159169,0.9220939623519006,-0.33769569422713147,0.1889559279160821,0.16448229834454825,0.9378425395408285,0.15089332783364778,-0.228166934395138,-0.08008114090137018,0.9703230703846321,4.202090764581021,-1.1633524131233082,16.51096841750647
genim_batch_pred_52.png,1729.6417388163684,1989.601839159169,0.9948909481584662,-0.06562546063471847,0.07671571018265558,-0.010677097104735828,0.9924182709017072,-0.09881787287470076,-0.06964910402412226,0.10391955781731714,0.992144005581695,-50.615318364923766,-3.5562930267798647,3.786209300296081
genim_batch_pred_53.png,1729.6417388163684,1989.601839159169,0.9488096528549564,-0.03805610600528262,0.3135474054189764,-0.2719287282885671,0.9932605471328979,-0.09215434367927264,-0.30792723198664745,0.10947702181266561,0.9450902610312258,2.558727302726763,-10.250402375151216,-5.968840978168574
genim_batch_pred_54.png,1729.6417388163684,1989.601839159169,0.9640291690380617,-0.24182726286512918,0.11030564889861343,0.13441733152938334,0.9608711447273993,0.16553116182462488,-0.14601946291004309,-0.13507856293808013,0.9800163765397217,-6.653105929097825,-0.033363859800895845,20.32772794972348
genim_batch_pred_55.png,1729.6417388163684,1989.601839159169,0.9775011293233122,0.13802465503042813,-0.1595015259343329,0.018113847120094312,0.990420620998444,0.026237009291089842,0.1615949545225142,-0.004023444393547362,0.9868489664422204,13.054349515968626,1.59931190574649,40.24719010126907
genim_batch_pred_56.png,1729.6417388163684,1989.601839159169,0.9944030962065964,-0.07075373929740297,-0.0784626702972167,0.14901839220542537,0.9957132286075786,0.05398319648584239,0.07430680575621382,-0.05957411141852731,0.9954543806056615,4.880417570512757,-23.256283679319576,4.051598298493529
genim_batch_pred_57.png,1729.6417388163684,1989.601839159169,0.9655867517003158,-0.11015778878508471,-0.2356002684862927,0.3230055066958687,0.9335427324037953,-0.3579535806127121,0.25937429332576145,0.3411205481146459,0.9035273917351512,-2.377317572457186,-7.0973658181734045,-6.965438923372901
genim_batch_pred_58.png,1729.6417388163684,1989.601839159169,0.966757759510298,-0.16131532142875987,-0.19838548711779477,0.3576709640780158,0.9831684158402425,-0.11744312815696883,0.2139917210635376,0.0857743153078126,0.973062336209629,28.06306944188638,-0.0834009378802536,-5.594723727099545
genim_batch_pred_59.png,1729.6417388163684,1989.601839159169,0.9136678318421952,-0.035439952515770826,-0.40491369799311794,0.4431723866340812,0.9983382900176423,0.02722372430307564,0.40327604136256595,-0.04543862289209219,0.9139495423778099,0.2210692544143952,15.445547302221753,-8.974243237021513
genim_batch_pred_60.png,1729.6417388163684,1989.601839159169,0.9964363772730211,-0.07394757515451782,0.04057464942281652,0.0333797278968641,0.9926378687321618,0.09910449607569304,-0.04760447069932716,-0.09592610535009968,0.9942494640088062,-5.531534073621261,7.153852050906206,0.7766178514414744
genim_batch_pred_61.png,1901.6657080540494,2132.0029836642243,0.9784027183760963,0.04817451452780505,0.20101576262640572,-0.24893444533390738,0.9938377878160211,0.0882528259672867,-0.19552552379809654,-0.09982819070266502,0.9756044802503278,32.44609539751027,-5.140667740292191,-4.973426676406972
genim_batch_pred_62.png,1901.6657080540494,2132.0029836642243,0.9809404928296188,-0.1884041278468991,0.0475356091518138,0.14052224828664237,0.971014098530649,-0.1405804087558245,-0.01967181736465205,0.14709012565417326,0.9889274566603009,14.629708698209614,8.91761650084406,1.9590178878319007
genim_batch_pred_63.png,1901.6657080540494,2132.0029836642243,0.992544597976489,-0.09049980574373236,0.08163948914610261,0.009475106274683828,0.9926440021532024,-0.07308683701255217,-0.07442460468767043,0.08042182632606622,0.9939785249528603,20.2395018090132,17.46797758251238,-13.07595280632664
genim_batch_pred_64.png,1901.6657080540494,2132.0029836642243,0.9983311248456566,0.054750505009402234,0.018367018419478114,-0.07145177499131515,0.9757841811078493,0.21107058773425,-0.006366024756761705,-0.21177255275625184,0.9772982449733023,13.304707825660426,-0.47476087769027464,7.212298466275717
genim_batch_pred_65.png,1901.6657080540494,2132.0029836642243,0.9911163954921884,-0.02019196237086972,-0.1314556017908147,0.15179696020880562,0.9997890226524346,0.0010807881135692329,0.13140604440370618,-0.00376760392064681,0.9913214698849553,18.46703716462031,-3.9306327630103657,-16.466721019842122
genim_batch_pred_66.png,1901.6657080540494,2132.0029836642243,0.9892190668092182,-0.13900365866636896,-0.0460827596663105,0.18410196672523113,0.9871570231334634,-0.0858674070131945,0.05742680358499817,0.07873369390319865,0.9952402562569339,-45.88033076056908,-1.5724899996388815,12.568224994808707
genim_batch_pred_67.png,1901.6657080540494,2132.0029836642243,0.9533775944299211,-0.1008190949540772,-0.28444098251070915,0.3868813024986533,0.9892226339706975,0.07360935821646315,0.27395422905292255,-0.10617952030743019,0.9558634786680068,-3.9601786952078895,14.393035544926883,20.555391306647287
genim_batch_pred_68.png,1901.6657080540494,2132.0029836642243,0.9927335167481935,-0.09504795417546792,-0.07379736534471983,0.16748367514434048,0.9887315791760546,-0.12285835091342419,0.08464322048400978,0.11565358077934051,0.9896766009555908,23.590441228475886,-9.20011770318105,23.31631065854138
genim_batch_pred_69.png,1901.6657080540494,2132.0029836642243,0.9975192981110073,-0.06441651850548352,0.028385947927736317,0.03599725446730438,0.9945050797741203,-0.08083591881607478,-0.023022800948013986,0.08252368415856938,0.9963231364318531,6.000554789018553,-13.895849499357077,1.8382394902042212
genim_batch_pred_70.png,1901.6657080540494,2132.0029836642243,0.9874316305621742,-0.1534048723641812,-0.03802262616200169,0.19038993910148178,0.9850358518709595,-0.0853238834091574,0.050542749395856436,0.07855772185967765,0.9956274980230936,17.729332323205774,7.327088001898197,-6.7161044867896225
genim_batch_pred_71.png,1637.7650816530659,1656.7450755833045,0.9429952995987444,-0.3326606358148567,-0.009836987035144785,0.34108008642160614,0.940398725092823,0.0714202749185515,-0.01450802399787242,-0.07061968013980409,0.9973978032944674,34.445310957628685,-11.945257153228374,-4.211603137236881
genim_batch_pred_72.png,1637.7650816530659,1656.7450755833045,0.9791059240557778,0.11983008089716747,0.16429346058519692,-0.28335332387570095,0.9865592313602061,0.09065071654488333,-0.1512225474954806,-0.11109291035046992,0.9822372963794642,32.755517139541325,0.5133712303771716,-10.169070435799597
genim_batch_pred_73.png,1637.7650816530659,1656.7450755833045,0.9570833599664264,-0.08244220024213302,-0.2778393883066474,0.3623685394577473,0.9946623037506489,0.036853947382416416,0.2733180455359468,-0.062049859924805925,0.9599203408969529,-13.383101024051488,-8.372735581361136,13.749244953766823
genim_batch_pred_74.png,1637.7650816530659,1656.7450755833045,0.9760240450895028,-0.14936405563879696,-0.15832701061491267,0.3058165643715853,0.9848944961718172,-0.11127018352754912,0.17255516723331238,0.0875968623501592,0.9810970920186701,-19.678327110690645,10.807080609493074,17.81207459471434
genim_batch_pred_75.png,1637.7650816530659,1656.7450755833045,0.9892605141883288,0.06896812969529263,-0.12886827442849005,0.058969544632636345,0.9972495570103496,0.03588510460616901,0.13098875813510727,-0.027142551998562726,0.991012223493347,0.21012957463662743,-17.744558514619346,-2.9667167306122844
genim_batch_pred_76.png,1637.7650816530659,1656.7450755833045,0.9818649148211038,0.13406245884116808,-0.13404680590303764,-0.0023791458211911143,0.9596378629188965,0.264749565585852,0.1641293680874656,-0.24722950710203104,0.9549550362971526,-12.50727133173836,-9.856930298210452,0.6557828198123223
genim_batch_pred_77.png,1637.7650816530659,1656.7450755833045,0.9774679463646295,0.14712555905905303,-0.15136209466466466,0.0008356160773332899,0.9890470822406032,0.010693760011991283,0.15127756351012012,0.01182958084255494,0.9884205379268133,-6.237700746150794,2.844076084747878,-5.162173820138117
genim_batch_pred_78.png,1637.7650816530659,1656.7450755833045,0.9986203053013928,0.03917488661574865,-0.03496875889127992,-0.004127436289297216,0.9691600740816544,0.24466578734720773,0.04347507943569609,-0.2432983334605592,0.9689766965223542,-11.688037412350864,-5.931358338965824,4.720731828203979
genim_batch_pred_79.png,1637.7650816530659,1656.7450755833045,0.9966223317888131,0.06482823688035143,0.05041058899491217,-0.11123480877017468,0.9642704457771014,-0.26024272883220917,-0.06548051839313372,0.2568653481959277,0.9642263710390581,9.417146938977103,10.526915611928526,-9.26125247345303
genim_batch_pred_80.png,1637.7650816530659,1656.7450755833045,0.9838355824250722,-0.17006838217045617,0.05607398808933405,0.11255076765683866,0.9617212999430897,-0.2082480652510707,-0.018511137170890486,0.21486946414439037,0.9764673323664971,-0.7304235134701981,2.4724148726984296,-5.065326998447355
genim_batch_pred_81.png,1565.5207233780495,1460.0451227722342,0.9993524837904121,-0.013150515604884524,0.033491447882404,-0.020330424712577726,0.9999001992169744,-0.0047199881907812775,-0.03342603513132294,0.005162900849373622,0.9994278586422428,-3.6828239534508707,-15.313973202880428,-7.731412220602748
genim_batch_pred_82.png,1565.5207233780495,1460.0451227722342,0.9983622382744536,0.05711685240324793,0.003241351441707621,-0.05942089830035724,0.9829126567950242,0.17508942452730605,0.00681459146092054,-0.17498678316859423,0.9845471990003973,4.38330019014228,-20.748404431588938,-5.247491477772109
genim_batch_pred_83.png,1565.5207233780495,1460.0451227722342,0.9854478589366653,-0.16293353728457174,0.048427055920005915,0.10614618276187615,0.9110027380762322,0.3909016436431397,-0.10780816806922608,-0.3788491436515926,0.9191576171974057,-9.145019601083039,-19.991410218046372,-2.0443941089994095
genim_batch_pred_84.png,1565.5207233780495,1460.0451227722342,0.9987142291901966,-0.050690956837656835,-0.0005615228530487314,0.0503538822406872,0.9812125295024403,0.18636314418711317,-0.008895952839105598,-0.18615154805240175,0.982480769878362,-21.272302119578875,-10.302520481561103,-5.645053412333299
genim_batch_pred_85.png,1565.5207233780495,1460.0451227722342,0.9837813535228559,0.17666665407100596,-0.031034525936338018,-0.14464884105823955,0.974571843807274,0.1454840240380249,0.055947550911045266,-0.13783546204604183,0.9888737315499944,-12.948031862615004,5.390015740310593,0.42117417549601655
genim_batch_pred_86.png,1565.5207233780495,1460.0451227722342,0.9496175911575719,-0.3087765032281408,-0.053698245951729645,0.35604424221562714,0.9372438417584884,0.1528312643084171,0.0031376469544024954,-0.16196003253886812,0.9867923302456288,26.615458275036413,13.483762405051145,12.145487702519493
genim_batch_pred_87.png,1565.5207233780495,1460.0451227722342,0.9824062274899019,0.15834022859996666,0.09902714878238769,-0.255282148075673,0.9828471784722503,-0.11108305179732707,-0.1149174695880922,0.09455049326178422,0.9888650966676007,-1.9069958466508694,-10.433919865848258,4.412781489350681
genim_batch_pred_88.png,1565.5207233780495,1460.0451227722342,0.9876180803834375,0.1483341652576015,-0.05106371233140608,-0.09783141677563328,0.9873820443954212,0.06363330461503024,0.059858385798856606,-0.055440723505822534,0.9966660924435555,4.782328838593597,-8.70095272657409,11.4304926742036
genim_batch_pred_89.png,1565.5207233780495,1460.0451227722342,0.961884871810728,-0.2706017457894204,-0.03939782427212368,0.3033471690093641,0.947810072434024,-0.18590516552475359,0.087647917019374,0.1686142395182806,0.9817775108820923,-10.092259515472948,9.84007678202668,3.9012922374675436
genim_batch_pred_90.png,1565.5207233780495,1460.0451227722342,0.9969337639544171,0.06140867350752064,-0.048497887641888046,-0.013046172129099289,0.9957194958367955,-0.06614940756064805,0.04422814486032257,0.06907720628806756,0.9966304283803752,-4.196022785823693,0.36044876340924026,20.979997339408257
genim_batch_pred_91.png,1580.6076268491756,1584.20311565038,0.9841674016774898,0.021444307624871223,0.17593938486270827,-0.19693456233730455,0.9963167535153,-0.08550833429445719,-0.1771250237669931,0.0830245044262413,0.9806802015031807,-0.3388452103699551,-2.7276255244921885,6.892274530901449
genim_batch_pred_92.png,1580.6076268491756,1584.20311565038,0.9717985898337482,0.23569162952920641,0.007546957466793041,-0.24231788781787003,0.9691043454086506,-0.07663702350869711,-0.025376494228716323,0.07270641979865398,0.9970304960535168,16.51978393100148,28.39445638705371,1.341170655238443
genim_batch_pred_93.png,1580.6076268491756,1584.20311565038,0.9926737754661258,0.044204499226671315,-0.11244882280373938,0.06763742245300293,0.9954712276406396,-0.07874961226608831,0.10845848050866622,0.08416054412702721,0.9905320594599621,1.5881627872900976,2.380934545095539,13.748445955529204
genim_batch_pred_94.png,1580.6076268491756,1584.20311565038,0.9894075543959688,0.018240920201314334,0.1440137498102091,-0.1609294128100034,0.9909990371949305,-0.13386348914854324,-0.14515928062817693,0.13262042493119164,0.9804797836460374,-13.775796434436508,-5.647403228800394,7.942384859018686
genim_batch_pred_95.png,1580.6076268491756,1584.20311565038,0.9905236882031023,-0.08022811691626996,0.1114731912371434,-0.030345555950576475,0.995253503469367,-0.04595395404757057,-0.10725728492358431,0.055080968473875114,0.9927043677464107,31.161532683325753,6.193673525515692,-5.542985241494707
genim_batch_pred_96.png,1580.6076268491756,1584.20311565038,0.9688964234768599,0.08395829334316517,-0.2327890151030597,0.14427828037591112,0.9845996773847492,-0.13024931357032163,0.2182684790927031,0.15334431933642256,0.963765734378333,-47.434113513884675,12.244863059386628,1.41977419987116
genim_batch_pred_97.png,1580.6076268491756,1584.20311565038,0.9534384344366432,-0.24549946089508368,-0.17517181976341384,0.418944635137466,0.9676317932140988,0.01504137308814548,0.16580917309398752,-0.05846988508190194,0.984422973450131,3.4697332920562607,4.491380640706812,-7.368078951932532
genim_batch_pred_98.png,1580.6076268491756,1584.20311565038,0.9829340076618918,0.09118177524946629,-0.15977052432813718,0.06670496398343273,0.995208401746896,-0.020368996368478734,0.15714768691394113,0.035300438449754584,0.9869440123648622,2.61207215250399,-3.2895986035368345,-13.694279908260249
genim_batch_pred_99.png,1580.6076268491756,1584.20311565038,0.985410956563028,-0.0945205732155229,-0.14153129662568367,0.23460284394962178,0.9896519374986406,-0.1207004188895253,0.15147539470309432,0.10795787995415584,0.9825478619158183,-38.75838604916535,-4.521736819802747,-8.288517792173867
genim_batch_pred_100.png,1580.6076268491756,1584.20311565038,0.9845387331264246,0.11344972696552008,0.13346401172324984,-0.23812625141384697,0.9615732459725578,-0.26410547820422214,-0.158298117365612,0.2500121038694878,0.9552149778752713,8.87691299305606,-18.339630196819243,0.05345997376895333
genim_batch_pred_101.png,1301.6293159378386,1717.6775313565674,0.9455876885429464,0.3161474791627165,0.0769070523103545,-0.38604791226190066,0.9421994425294065,-0.1420210585894319,-0.11736138147446526,0.11095486432029689,0.9868714831334774,-6.479226281986618,2.023591660353891,14.002276944789198
genim_batch_pred_102.png,1301.6293159378386,1717.6775313565674,0.9808297538665072,-0.043449603806150226,-0.1899608534915956,0.2335954445729893,0.9966523821027355,0.05981352658072867,0.1867260631064862,-0.06925432245016566,0.9799679669145931,51.86355568899941,-15.703779553693925,6.389409685928948
genim_batch_pred_103.png,1301.6293159378386,1717.6775313565674,0.9956891035184119,-0.03984120644936534,-0.08376089423687087,0.12367383551070024,0.9992039635823591,-0.005363389720029234,0.08390790143178825,0.0020291451309580382,0.9964714479840105,-4.98090827279977,0.7138363957795183,1.6721404447343835
genim_batch_pred_104.png,1301.6293159378386,1717.6775313565674,0.9943970599505625,-0.06713662134840877,0.08165268664041518,-0.013194654224195773,0.935234796179635,0.35237151221605306,-0.10002146653728364,-0.34760401333810415,0.9322913472423597,14.464666709185547,1.1189720754242625,-19.61513265506141
genim_batch_pred_105.png,1301.6293159378386,1717.6775313565674,0.9939114471467003,0.09648403941834614,0.0532058771967074,-0.14499257888238584,0.9660731234154342,-0.24535427721973277,-0.07507353972220966,0.2395695104805,0.9679723205142342,1.3282869069999403,5.166867757929556,-10.990660826821488
genim_batch_pred_106.png,1301.6293159378386,1717.6775313565674,0.957174016443993,-0.07647761189539129,-0.2792294345574126,0.353276338115193,0.9872999706298414,-0.15527612884056088,0.28755836005560786,0.13924777511002545,0.9475865378365382,-20.610141342316016,-3.9008232921659656,2.577521160959029
genim_batch_pred_107.png,1301.6293159378386,1717.6775313565674,0.9902568558942749,0.10123144603860254,-0.09562193099555506,-0.00654854752130099,0.9921814850383273,0.08273472545755198,0.10324966539307705,-0.07299380165515987,0.9919734933536001,-41.3059473182551,8.694743764200908,-3.9856272409039795
genim_batch_pred_108.png,1301.6293159378386,1717.6775313565674,0.9222259710692567,0.31360747052903465,-0.22616280134838085,-0.10473207053152742,0.9368956570571059,0.23174647248695643,0.2845683714118279,-0.15452146199125485,0.9461204784677824,16.597306312278363,-16.291658307245203,-6.511599812855421
genim_batch_pred_109.png,1301.6293159378386,1717.6775313565674,0.9980389776374148,-0.04352587395521328,-0.04498552448175657,0.08826307591181809,0.9963789862950223,-0.07498685213236347,0.048086499555293996,0.07303707254633345,0.9961693001665833,-11.220556423695719,2.4716446335501066,7.098940779165469
genim_batch_pred_110.png,1301.6293159378386,1717.6775313565674,0.9906297379476783,0.04383082819112684,0.12935061188024616,-0.17153548561311124,0.9872882227738731,0.14602854523349024,-0.12130578364083196,-0.15277703908666138,0.9807874811513432,-28.267598991097827,0.5649673253140675,2.5046071174036517
genim_batch_pred_111.png,1039.3956001923448,1478.1617848126637,0.9925282686190003,-0.06511920013947545,0.10318491055074097,-0.0368481852752104,0.9818933008030336,0.18393901508097144,-0.1132945339502486,-0.17789051579923598,0.977506681801039,16.065635170550298,-5.714465969674849,-8.114455197884329
genim_batch_pred_112.png,1039.3956001923448,1478.1617848126637,0.9754717077701532,-0.014776972900094016,0.21962829601827405,-0.200826471776889,0.9827578305824544,0.18301469698704964,-0.21854583094713667,-0.18430596165283902,0.9582635505302536,41.94511415815687,10.703031535741898,13.79137653453854
genim_batch_pred_113.png,1039.3956001923448,1478.1617848126637,0.9731277617093177,0.0312231747288155,0.22813915216478534,-0.24989459351648796,0.9582753406914433,0.26993814827273843,-0.21019179779627406,-0.2841363841231042,0.9354602735320288,17.768931497619647,3.918623518240327,4.870191614388125
genim_batch_pred_114.png,1039.3956001923448,1478.1617848126637,0.998181741630787,0.056129693416513644,0.021969710783190478,-0.07723987822976856,0.9875211334409735,0.14611942403564526,-0.013493915220668316,-0.14714437986013315,0.9890229753284776,15.672985403646262,-8.20388883328858,0.2791838324877437
genim_batch_pred_115.png,1039.3956001923448,1478.1617848126637,0.8953243326225091,-0.4430086065580941,0.04623541856104053,0.39128718416456204,0.8675938345124041,-0.2295138507189914,0.06156304711314366,0.22588561891257913,0.9722066027335065,28.212706014597106,0.9308695897509954,-11.362553807059669
genim_batch_pred_116.png,1039.3956001923448,1478.1617848126637,0.9641715839563365,-0.032219443788968245,0.26331552201315184,-0.22795117896393324,0.9904238104134278,-0.12116145440259826,-0.25689020798375256,0.13424821491578917,0.9570709680237869,-2.8329565175922644,7.423674591155552,4.435465236588688
genim_batch_pred_117.png,1039.3956001923448,1478.1617848126637,0.9824333564099144,-0.05416106289580815,0.17858129655466842,-0.12236116694443999,0.9923535569032761,0.11890855152467032,-0.18365599837040109,-0.11090986145250042,0.9767136104791201,-34.38147549618195,-8.150373440943442,8.925179231661845
genim_batch_pred_118.png,1039.3956001923448,1478.1617848126637,0.9985747115025883,0.021152326389166237,-0.04900127177787271,0.02779257826225101,0.9990197690362862,-0.03781149470147897,0.04815343813682677,0.03888547496188924,0.9980827451832793,-12.67338211630147,-2.852420988984381,-4.498767282295058
genim_batch_pred_119.png,1039.3956001923448,1478.1617848126637,0.9919290603815344,0.10718240599269786,-0.06773972996863033,-0.04008143454504892,0.9942029525458949,-0.0012371633258705659,0.06721443739760118,0.00851005256398492,0.9977022593994073,-5.401272289405465,4.462457665554191,-0.44632812704602315
genim_batch_pred_120.png,1039.3956001923448,1478.1617848126637,0.9807189109116504,0.14552646137542125,0.13043184741394462,-0.2616125628270354,0.9322256915271276,0.313890978306066,-0.07591247582207444,-0.33132658978161816,0.9404573286004242,-26.128594640316965,6.364177318248188,-8.362561600274205
genim_batch_pred_121.png,1436.4732788195906,1588.437981713471,0.994582568319265,-0.1025236012899053,0.01715884535752027,0.08427469954482963,0.9805210450604591,-0.1666524335941049,0.000261198673807847,0.1675332545260601,0.9858663907463115,16.520020829501103,15.262849501679181,18.441448747535695
genim_batch_pred_122.png,1436.4732788195906,1588.437981713471,0.9818476971421864,0.15614881427294758,-0.10766915722591099,-0.04993515583482479,0.9751142421920321,0.17519289367527757,0.1323458912722401,-0.15738412396239798,0.9786290423791565,3.8502811319932757,-15.628835300628838,5.062926049369864
genim_batch_pred_123.png,1436.4732788195906,1588.437981713471,0.9941590254824579,-0.054617427958951976,-0.0930847388937528,0.14682022466638225,0.9924610278711025,-0.11446433839872959,0.0986347233979688,0.10971802367971818,0.9890566953516987,26.41980120630962,-19.394090377835244,-4.766101966666535
genim_batch_pred_124.png,1436.4732788195906,1588.437981713471,0.9759971747850872,0.13413813888609705,-0.17157061085075742,0.032073485834735266,0.947047278392546,0.312142933870519,0.2043557522741939,-0.2917334608601583,0.9344144232229096,-19.279189699054207,9.519833885015778,-2.7087580556453377
genim_batch_pred_125.png,1436.4732788195906,1588.437981713471,0.9788806443758616,-0.1907195609548984,-0.07361204477168591,0.26130812248722535,0.9716003595827823,0.1281289755615747,0.047084787205089476,-0.1400670922371802,0.9890218564248581,-20.104968571628284,2.551943619773404,-11.723848724767834
genim_batch_pred_126.png,1436.4732788195906,1588.437981713471,0.9509969094422088,-0.1323706971199796,-0.27943313471264974,0.4047344411583389,0.9584544281119937,0.20849137776857876,0.24022577630782255,-0.2526719370576837,0.9372558181312196,3.292370913153846,-7.946949141238455,-10.538888714869907
genim_batch_pred_127.png,1436.4732788195906,1588.437981713471,0.9816413920674287,0.18708097428206577,-0.03716028042942744,-0.14531436038999274,0.9490145740745248,0.26492842786318865,0.08482871610388429,-0.2537164702099985,0.9635517846324324,18.077499545420757,3.0889940248992196,-28.577292413017542
genim_batch_pred_128.png,1436.4732788195906,1588.437981713471,0.9584270936488991,-0.2275067222376208,0.17221555532651084,0.06290286682736218,0.9703276271755404,0.12285642195956044,-0.19505617302855294,-0.08188398669202239,0.9773679461118397,27.055748200086136,-24.87840289869195,-7.017915809911603
genim_batch_pred_129.png,1436.4732788195906,1588.437981713471,0.9527328187492085,0.05842832722881231,0.2981380664313613,-0.34705216114808857,0.9608381649705187,0.24216577865320857,-0.27231309129899806,-0.27088032655275873,0.9232927103545518,-18.939830610912022,21.963581573377205,-16.993422536547737
genim_batch_pred_130.png,1436.4732788195906,1588.437981713471,0.9235927464696987,0.19647134741227348,-0.3292042653347078,0.11289453598889915,0.9600113803558826,-0.12701336356847343,0.29108535450335415,0.1994421200077821,0.935677378779918,-21.79936184424904,7.308122783841913,-2.8501976486218057
genim_batch_pred_131.png,1564.0708528227633,1223.6250709731428,0.963683220344598,0.26677994059143234,-0.011963031567996444,-0.2537084471393597,0.9575055792966799,-0.11041977549065181,-0.018003111673856483,0.1095971209191258,0.9938130402929403,9.81154855441877,-8.279619366010474,-15.265440485557278
genim_batch_pred_132.png,1564.0708528227633,1223.6250709731428,0.9955796464526335,0.01466161968327615,0.09276963122440529,-0.10391841280367645,0.9663667846308522,0.2543547859517339,-0.08592023710147302,-0.2567494390850566,0.9626512548093081,-4.190418495383014,10.747437276618003,2.2133379478232733
genim_batch_pred_133.png,1564.0708528227633,1223.6250709731428,0.9920239144432076,-0.1137453639623742,-0.05431892257623116,0.1509416566292072,0.8905493510751686,0.4370756229040142,-0.0013416445549335188,-0.4404359720511743,0.8977830219564332,11.413485271544634,0.009640765391091367,-4.466671283428039
genim_batch_pred_134.png,1564.0708528227633,1223.6250709731428,0.9957719456113563,-0.07972023203450414,-0.04563898484562128,0.11852028986415941,0.9417178081256193,0.324072908548167,0.017143877308340324,-0.32682144125415646,0.9449305969262466,31.17372703257511,-15.414592571056799,18.43783247073144
genim_batch_pred_135.png,1564.0708528227633,1223.6250709731428,0.941594136241125,0.010308955260737822,0.33659204987307983,-0.34703838132097825,0.9983614883596718,0.049539188916704974,-0.3355298425991253,-0.05628555766529318,0.9403465641579775,-14.386029713648352,-16.210345194318688,15.621723065966503
genim_batch_pred_136.png,1564.0708528227633,1223.6250709731428,0.9366311155592945,-0.301431028651343,0.17849786646440585,0.13259030147812784,0.91219974241663,-0.23195137639110297,-0.09290836582808407,0.27754452778108757,0.9562097419802457,-16.92340915231703,23.789869148598825,-14.236013174921272
genim_batch_pred_137.png,1564.0708528227633,1223.6250709731428,0.9988286650357127,-0.034802537871003104,-0.033616681286432734,0.06838652797974662,0.99896210640135,-0.030556579252943968,0.03464523725477658,0.029385257050352376,0.9989675741502548,-39.287233028903,19.88425792398566,6.939176098870328
genim_batch_pred_138.png,1564.0708528227633,1223.6250709731428,0.988465261807967,-0.040471249274304795,-0.14594007051212657,0.18672448523689067,0.9991805008211627,-0.005281317325375577,0.14603421425415442,-0.0006362082579728671,0.9892793354286868,-14.784005151361955,-6.4241806726096815,-4.595205721135564
genim_batch_pred_139.png,1564.0708528227633,1223.6250709731428,0.9694317113607663,-0.021456249362154952,-0.24442132961639182,0.2660074621690881,0.9982740325152525,-0.05825898386973216,0.2452494856343899,0.05466795559599566,0.967917405787819,11.247812129125855,-0.8743535193261465,-9.530668508470951
genim_batch_pred_140.png,1564.0708528227633,1223.6250709731428,0.9925619566483773,-0.09420111486675156,0.07711622509048191,0.016353043414851526,0.9163865577986394,-0.3828994459584156,-0.03459871736994755,0.38905247286686406,0.9205656424788687,19.14626235594266,-1.698859596688523,1.976933452243158
genim_batch_pred_141.png,1653.1360827740225,1819.1232371776841,0.9939328145793405,0.04548930067174365,-0.10014131827964998,0.05388116984040662,0.9903509402945455,-0.1258583629142161,0.09344983980792851,0.1309035468660234,0.9869809465525499,-32.10874522851468,-3.6171088013446204,-7.127102169001151
genim_batch_pred_142.png,1653.1360827740225,1819.1232371776841,0.9963876289087069,0.01794478880970333,-0.08300408129881422,0.06482077309120007,0.9974369022556285,0.07052295832451155,0.08405685331863248,-0.06926478595412577,0.9940507204548966,1.353210365882124,-3.920037634121756,1.1768503641214543
genim_batch_pred_143.png,1653.1360827740225,1819.1232371776841,0.9187897597842669,0.3663053951612544,0.14712489521262667,-0.5069072800441357,0.9297681148140949,-0.018859620816053347,-0.143700417319681,-0.03676425098925877,0.988938107219733,-5.350083876921491,-10.766931533252755,-10.812955241245895
genim_batch_pred_144.png,1653.1360827740225,1819.1232371776841,0.9848611258917642,-0.1290230002933999,-0.11576540114600749,0.24467968942378626,0.9915705183438084,-0.003169821727613815,0.11519853873031749,-0.01187318603747213,0.9932715258818805,-18.38841810890636,1.2207296026520924,-13.232380522979723
genim_batch_pred_145.png,1653.1360827740225,1819.1232371776841,0.9620080021115438,-0.24228440850146923,-0.12585256958222638,0.36102465873384937,0.9610188160362115,-0.16725713173664888,0.1614704826454924,0.13319572298483007,0.9778477297681782,4.536183541645356,-4.2066345470660185,1.3339622963220419
genim_batch_pred_146.png,1653.1360827740225,1819.1232371776841,0.9384718982294258,0.03992931732143087,0.3430395689303244,-0.3794553250405497,0.98661564556272,-0.16214376209668485,-0.34492249548219833,0.15809875884744332,0.9252206518237857,-22.653079586766196,-0.6431353277405149,17.6292648216463
genim_batch_pred_147.png,1653.1360827740225,1819.1232371776841,0.9910389262670134,-0.10661012596636547,-0.08047439136123244,0.18646424675258505,0.990942784239035,0.07324891370771397,0.07193644151816261,-0.08164973610505365,0.9940616022036456,9.596608318291477,12.472007547840416,4.672005166878096
genim_batch_pred_148.png,1653.1360827740225,1819.1232371776841,0.9961118191401975,-0.07312640406479942,-0.04913016179250955,0.12218903922064729,0.9970482283480333,0.01982867207073738,0.04753514128776074,-0.02339571278246572,0.9985955392280466,-9.455189900995245,0.573275502138835,16.416901477039715
genim_batch_pred_149.png,1653.1360827740225,1819.1232371776841,0.9570580784087444,0.14424038563230998,-0.2514648001315577,0.0990302036500787,0.9788080806530116,-0.10581653206066416,0.23087276097785925,0.14535973445562594,0.9620646110513836,25.017971154100213,3.4299130765084707,-2.7511633983525456
genim_batch_pred_150.png,1653.1360827740225,1819.1232371776841,0.9926249353044568,0.08915644352687345,-0.08213931086551829,-0.0076461159751865515,0.9954527685203638,-0.026210780992593073,0.07942894439007359,0.0335397409468607,0.996276130683806,12.920158008442408,2.5162496124291924,-3.8929438002090757
genim_batch_pred_151.png,1357.3163245297455,1442.6085321873995,0.992959077102681,0.11794475201280478,-0.011013930816470223,-0.10603247936222,0.9840791569207444,0.1351784989348609,0.026782174286590785,-0.13295581366301684,0.9907600449925743,24.986209197539058,-12.111505919391673,-14.029577130557882
genim_batch_pred_152.png,1357.3163245297455,1442.6085321873995,0.9681714930660255,0.14470711285717677,0.20421511085823993,-0.3491428045113536,0.9890140212184929,-0.05970085854950415,-0.21061074685928166,0.030184720004775883,0.9771038818803295,38.244084638980496,6.088622589496062,-0.4853913685281954
genim_batch_pred_153.png,1357.3163245297455,1442.6085321873995,0.9376471661659831,-0.34746194306847256,-0.00938029317148661,0.34872703099892005,0.9184951263905345,-0.2047154862228424,0.0797465941813208,0.18877738454570653,0.9787765729728937,18.183105921378026,-2.2665657249112328,-20.88786473338804
genim_batch_pred_154.png,1357.3163245297455,1442.6085321873995,0.9385697952615294,0.18404442306331986,0.2919150386020229,-0.473766163818755,0.9626304200864567,0.13947363196905102,-0.25533695211072976,-0.19867139870515269,0.946220226069672,-5.095872019666259,-4.30195382356762,-4.216331779395897
genim_batch_pred_155.png,1357.3163245297455,1442.6085321873995,0.9666010320462907,-0.1269038231741368,0.22266087332720427,-0.09056625604724011,0.991906421511493,0.024427546732278628,-0.2239586991437021,0.0041316616574564,0.9745898780768293,-5.805694387823826,-12.69251783812065,-3.2524345825641343
genim_batch_pred_156.png,1357.3163245297455,1442.6085321873995,0.9660879674397782,0.11973816508021666,0.22877239997714108,-0.3495020115407597,0.9924472600531866,-0.05372019329415683,-0.23347689890590226,0.026668480199398496,0.9719965688422658,0.7355070288115666,8.885121734644219,5.604679933311402
genim_batch_pred_157.png,1357.3163245297455,1442.6085321873995,0.9862228457203387,0.15243823010345245,-0.06424238929401681,-0.08914388646055915,0.9864082999457616,-0.05203333305646354,0.055437356810454155,0.0613290453295929,0.9965768649074848,-18.470690749747234,-12.432946130926753,-3.7758395808264944
genim_batch_pred_158.png,1357.3163245297455,1442.6085321873995,0.9459540431494534,0.10735440022445689,0.3060163083916432,-0.4133913418431105,0.9898506177641578,-0.12200938331741468,-0.31600867607517197,0.09311706215491408,0.9441756877725961,-12.408466275104788,2.919224761066072,25.853225778414636
genim_batch_pred_159.png,1357.3163245297455,1442.6085321873995,0.9921023983731403,0.11611704983122172,0.0474306006788491,-0.15046110965462803,0.9169601163378907,-0.38898834926287784,-0.08866014865157576,0.3817079718634333,0.9200208705551113,-3.25657252699942,7.198651138145223,3.829426955003938
genim_batch_pred_160.png,1357.3163245297455,1442.6085321873995,0.9954800975448593,-0.08324818028662188,0.045706847091473865,0.03773524304275137,0.994945597888923,-0.05247565078326971,-0.0411073238699806,0.056151560267009244,0.9975756563809228,26.221937179533064,3.905523487890778,-8.275848192780312
genim_batch_pred_161.png,1742.74049620507,1696.157279313065,0.9930152928098958,0.028286396561762853,0.11454478606740458,-0.1428015488504126,0.9982424814028193,0.048515939392604984,-0.11297113037445536,-0.05207521572007367,0.9922326821918463,-24.17022986861363,1.5546582905440578,-14.262365674164183
genim_batch_pred_162.png,1742.74049620507,1696.157279313065,0.982277992382021,-0.15219958649175544,-0.10938570086480615,0.2611483208206314,0.9883347633696962,-0.022322865068608044,0.11150722161299993,0.0054480626561606155,0.9937486896300513,19.878269488882022,15.873367151206024,12.705048457031003
genim_batch_pred_163.png,1742.74049620507,1696.157279313065,0.9837032863581417,-0.15468874004267924,0.09164735736615835,0.06419890329086281,0.9805279733381669,0.13616801282073715,-0.1109264559173932,-0.12098052407456086,0.986437547020718,-35.85971292387089,6.9346221729460265,-10.82107200477826
genim_batch_pred_164.png,1742.74049620507,1696.157279313065,0.9991444424684842,-0.04127207252921376,0.0026455837702068306,0.03840845557835186,0.9934347549404431,-0.10667780366294326,0.001774599185604383,0.10669584671188051,0.9942901221938019,6.597923053613637,-9.181574412350846,5.072227895688223
genim_batch_pred_165.png,1742.74049620507,1696.157279313065,0.9808174688790097,0.020259721171843,0.1938727325845795,-0.21436408197541232,0.9993659825526655,-0.032654681162449364,-0.1944113886248651,0.029277578700855178,0.980483062249607,-4.818788661433385,2.5874375991235015,-6.681901099386503
genim_batch_pred_166.png,1742.74049620507,1696.157279313065,0.9647543428089581,0.24570020554339309,0.09423622990755501,-0.33809287299596735,0.9686970008050217,0.012539724253701574,-0.08820534045202907,-0.03546166419233704,0.9954708877151816,-26.054012142828057,20.192713253318207,2.028956165261195
genim_batch_pred_167.png,1742.74049620507,1696.157279313065,0.9845797217035916,0.1645067021594195,-0.05950055928064929,-0.10611163197606785,0.9863339763870671,0.0007129035044122624,0.05880470063700598,0.009101207013840146,0.9982280176462105,10.80087971616237,19.867719026722483,15.784478463662197
genim_batch_pred_168.png,1742.74049620507,1696.157279313065,0.9986187248728758,-0.02317591246469199,0.04715420887577753,-0.023786266710029844,0.9931957834702119,-0.11294479640977179,-0.04421576271336056,0.1141271780883986,0.9924817144659416,4.061860914268653,-9.023771114610247,-6.643152128613975
genim_batch_pred_169.png,1742.74049620507,1696.157279313065,0.9992198913320444,-0.005890741870360355,-0.03905006948258027,0.04375213741962739,0.973503294142813,-0.22865064542516658,0.03936229320848857,0.22859710289789012,0.9727250250816314,50.67523223684452,11.511317760330346,4.121587185929922
genim_batch_pred_170.png,1742.74049620507,1696.157279313065,0.9829688399767995,0.11877151651361816,0.14023404187186703,-0.25911287640979913,0.9921504768892331,0.022247327119008512,-0.13649092273897834,-0.039124903495382196,0.9898684104144042,34.11282970783047,17.75084668015819,-5.182908111418474
genim_batch_pred_171.png,1541.1596896314509,1358.711459140979,0.9725025375548154,0.013428055137011395,0.23250484249727438,-0.24605864649647483,0.9991079126216299,-0.042064245513932084,-0.2328622688699305,0.040038310055332246,0.9716851843393833,11.74937015567927,3.4496088394621593,-5.790754578963508
genim_batch_pred_172.png,1541.1596896314509,1358.711459140979,0.9960197603386228,-0.0027774331011902013,-0.0890894094736345,0.09174060210786884,0.998491635583668,0.05436884580888853,0.08880402434648933,-0.05483374449022921,0.9945386396340006,-6.957680414797707,13.241046321323878,-13.26382667474919
genim_batch_pred_173.png,1541.1596896314509,1358.711459140979,0.9962610418292841,0.033893821927623,-0.07946788891349746,0.04502320763219751,0.9910346261333361,0.1315718560043518,0.0832149026370918,-0.12923458763000406,0.9881162387792248,28.111048277841068,21.880641730870014,-7.283232023158533
genim_batch_pred_174.png,1541.1596896314509,1358.711459140979,0.9862752204907056,0.16033864138620726,0.03940443533963543,-0.1987907238799215,0.9837613782477566,0.0752665927061079,-0.026696418402527997,-0.08065401878703757,0.9963845796167148,6.55726756557957,-10.36064689716029,12.904089369395926
genim_batch_pred_175.png,1541.1596896314509,1358.711459140979,0.99422010819043,-0.1046688468865906,0.023891608594675214,0.07577237073433557,0.9301483730098847,-0.35143944022623813,0.014562020096023098,0.35194948029297585,0.9359057168819022,-8.177243521506298,8.870703134984927,23.389030893326645
genim_batch_pred_176.png,1541.1596896314509,1358.711459140979,0.9900955048333754,-0.08369581093370838,-0.11272046194410552,0.19443361904765866,0.9843137273576795,0.14550571648663269,0.09877407910884299,-0.1553109698874516,0.9829151458436376,-17.99266724303858,-2.471000405155476,8.392892002298563
genim_batch_pred_177.png,1541.1596896314509,1358.711459140979,0.9921610043218934,-0.11273012622559336,0.053930141332410086,0.05911425688555871,0.9898504781598122,-0.08086439181468587,-0.044266923088686995,0.08653293897674474,0.995265035049613,-38.595408871814406,4.957007609171242,-0.14315314240124188
genim_batch_pred_178.png,1541.1596896314509,1358.711459140979,0.9440112819893757,0.025360393337916582,0.32893699993543063,-0.3556617788835969,0.9995365692892959,0.007561426682976853,-0.3285927996728976,-0.01683737221571431,0.9443215950617652,15.941800773351336,2.100725648687366,7.243793533882405
genim_batch_pred_179.png,1541.1596896314509,1358.711459140979,0.9571912852099922,0.09914744524649084,0.2719460012927889,-0.36591191285922176,0.9800236404703497,-0.19334926278994274,-0.2856835956442286,0.1724048961611495,0.942688408202545,-12.546245791465903,2.7354770781503754,-8.006760134429852
genim_batch_pred_180.png,1541.1596896314509,1358.711459140979,0.9885535410322003,0.036869581700892017,-0.14629603705466188,0.10804185257459323,0.9905213553134282,-0.12563155485048447,0.14027736602459717,0.132318096318117,0.9812309524102624,13.860349858331988,7.723857035035138,6.570969599439973
genim_batch_pred_181.png,1413.1658788973846,2261.920960860771,0.9972427062448456,0.060690547985492053,0.042704124234988636,-0.10336321598594453,0.9980436502627829,0.012435370795788483,-0.04186587056476424,-0.01501764147129967,0.9990103699794581,8.571762909911703,8.570264701234311,4.524103111343493
genim_batch_pred_182.png,1413.1658788973846,2261.920960860771,0.9852158178092333,0.0731040277953138,-0.1549373856065268,0.08048813176151517,0.9972217186413459,0.02552541580702261,0.1563729366629811,-0.014305418207877566,0.9875944813987638,29.099677088541426,17.150373022023704,8.042857967242668
genim_batch_pred_183.png,1413.1658788973846,2261.920960860771,0.9768149247426388,-0.1788318503878836,0.11769355159429429,0.06423665114507124,0.981428774946883,-0.048694358134440556,-0.1067997359917037,0.06940265840085924,0.9918553762514958,-9.956574685020156,3.5757887890270217,6.00507968962996
genim_batch_pred_184.png,1413.1658788973846,2261.920960860771,0.9971050430040481,-0.07488777963929814,0.013166384340097254,0.06174191743581388,0.9967941113057783,-0.027254407273454757,-0.011083152331303393,0.028165939125469008,0.9995418168378858,-16.070210171739316,5.92494469364772,-7.513895514341073
genim_batch_pred_185.png,1413.1658788973846,2261.920960860771,0.9867717313362209,-0.08308953364505517,-0.13920373426874907,0.22244546314134017,0.9952339197707583,0.039128482937182046,0.13528911070352523,-0.05104482673473533,0.9894904154102101,-32.09983118352798,3.0052696165856303,8.251007656996007
genim_batch_pred_186.png,1413.1658788973846,2261.920960860771,0.993154000749008,0.10267418838379402,-0.05570585100300396,-0.04715561119814759,0.989690858623802,0.1059438397945929,0.0660092692747051,-0.0998499644276888,0.9928105362926044,-29.387038174807106,-9.157921868914778,1.47468022551165
genim_batch_pred_187.png,1413.1658788973846,2261.920960860771,0.9898563401466387,0.13279730699914283,-0.050490604326719236,-0.082915178276903,0.9911088747697667,0.01507828972950754,0.05204404231093166,-0.00825067308661831,0.9986107069592012,-25.85162029566805,3.1057047750889564,11.76995455704154
genim_batch_pred_188.png,1413.1658788973846,2261.920960860771,0.959519676583039,0.0890033511648183,-0.26720852106812065,0.17354363943307227,0.9937406156731513,-0.04147491731493015,0.2618445536090339,0.06751290427006046,0.9627457803087518,-37.11473374897547,5.052901434411795,10.386258040629379
genim_batch_pred_189.png,1413.1658788973846,2261.920960860771,0.9419523096798198,0.1498392284510139,-0.30045640599936935,0.13933564868294157,0.9885684688098513,0.06166849590009552,0.30626208906831237,-0.016750763927387315,0.9517998448767273,3.0678889772352047,3.3031030194634976,6.150469379217637
genim_batch_pred_190.png,1413.1658788973846,2261.920960860771,0.9426350066203631,0.014734807300576696,0.33349981971155956,-0.34004000968688414,0.9751392739518957,-0.21325707460976334,-0.32835107395647783,0.2211024238907943,0.918313285530185,-9.451294820145517,13.392370898372864,3.546009134540637
genim_batch_pred_191.png,1924.583574432958,1852.0710448258126,0.9923698389204377,0.08718318977356423,-0.08718482793428713,-0.0006538436983835466,0.9763268040073646,-0.19046838963944512,0.06851524265521362,0.19795217401602824,0.9778141941730163,-25.225220751663343,-14.644990304176554,-11.304459101258303
genim_batch_pred_192.png,1924.583574432958,1852.0710448258126,0.9907422536962969,0.05844573931110228,-0.12253114827325023,0.06153088926663309,0.966639358607081,-0.24097603551817046,0.10435940802412583,0.24938413331258627,0.9627651156999739,-8.877700294051335,18.212837950066703,5.329937839480415
genim_batch_pred_193.png,1924.583574432958,1852.0710448258126,0.9926746175545873,-0.07524483613542454,-0.09452681258673175,0.1651415953171664,0.9678878391626075,0.23253217875954038,0.0739945066905257,-0.2398569270129418,0.9679842289745914,17.142954915286854,-22.137074523496086,-16.123036892516257
genim_batch_pred_194.png,1924.583574432958,1852.0710448258126,0.9748602025678484,0.15560704230500774,0.1594805123971615,-0.30967509959818773,0.9658137641065183,0.18258135524482558,-0.12561752931025155,-0.20734083400885234,0.9701700958504657,1.2674377932537941,0.3717553595418504,8.774529944630501
genim_batch_pred_195.png,1924.583574432958,1852.0710448258126,0.9653527801699228,0.06607395331733579,-0.25244453353404067,0.18336442125805438,0.9957355348667264,-0.045741678690906624,0.24834565908021972,0.06438149809295227,0.9665295941249386,9.094457289465312,2.658392402339509,-17.302001770876192
genim_batch_pred_196.png,1924.583574432958,1852.0710448258126,0.9483723865961725,0.3139235804016199,-0.045186303341915604,-0.26741692909015546,0.9331831354846262,-0.16941299712342267,-0.011015638389985927,0.1749892034238384,0.9845087274351363,-30.259063365363573,0.8882134880760897,-10.762334101036897
genim_batch_pred_197.png,1924.583574432958,1852.0710448258126,0.9441924601050896,0.23382239061354734,-0.23200794798554716,-0.014614293890423707,0.9196930864738456,-0.2622668712960699,0.1520522389441087,0.31542307515458873,0.936690130348402,-15.897021222285261,-7.986274485263455,10.084131979774622
genim_batch_pred_198.png,1924.583574432958,1852.0710448258126,0.96844716783132,-0.04130374292771486,-0.24577242306584393,0.28786820425853016,0.9976092308159028,0.04360511009396178,0.2433837836728215,-0.05540598714095722,0.9683462760986057,15.513478309646999,7.402327911770786,6.055253596387623
genim_batch_pred_199.png,1924.583574432958,1852.0710448258126,0.9721811778933731,-0.09098130137558806,-0.21583827313490567,0.30227181821364524,0.9807744076314258,-0.18865698961716978,0.2288529129070479,0.1726382464439158,0.9580304693060283,9.40318260777291,-8.82744882115659,-2.0297700116732105
genim_batch_pred_200.png,1924.583574432958,1852.0710448258126,0.9908772835013452,0.1260709019297065,0.047627058775711426,-0.16964304916171313,0.9689182744866447,0.20839897200109547,-0.019873681246434568,-0.21284620046515643,0.9768835814677518,-4.4402755758081,-6.290225007189079,4.548836516066607
